date,Id,colour,patch,cum_hrs,cum_klux_hr,cum_MJ/m2,L*,L*,a*,a*,b*,b*,C*,C*,h,h,dE76,dE76,dE00,dE00,dR_VIS,dR_VIS
value,value,value,value,value,value,value,mean,std,mean,std,mean,std,mean,std,mean,std,mean,std,mean,std,mean,std
2022-03-11 11:29:53,b.453-b.454-b.455,cyan,C01,0,0,0,89.92,0.071,-1.2830000000000001,0.017,-2.903,0.10300000000000001,3.173,0.10300000000000001,246.10299999999998,0.47700000000000004,0.0,0.0,0.0,0.0,0.0,0.0
2022-03-11 11:32:38,b.456-b.457-b.458,cyan,C02,0,0,0,87.72,0.09300000000000001,-6.05,0.043,-5.87,0.134,8.43,0.126,224.127,0.433,0.0,0.0,0.0,0.0,0.0,0.0
2022-03-11 11:36:01,b.459-b.460-b.461,cyan,C03,0,0,0,84.28,0.043,-12.53,0.022000000000000002,-10.29,0.102,16.213,0.068,219.393,0.28300000000000003,0.0,0.0,0.0,0.0,0.0,0.0
2022-03-11 11:37:54,b.462-b.463-b.464,cyan,C04,0,0,0,80.547,0.069,-18.47,0.037000000000000005,-14.72,0.10400000000000001,23.62,0.09300000000000001,218.55700000000002,0.155,0.0,0.0,0.0,0.0,0.0,0.0
2022-03-11 11:39:43,b.465-b.466-b.467,cyan,C05,0,0,0,76.743,0.17300000000000001,-23.517,0.168,-18.82,0.165,30.12,0.235,218.67,0.049,0.0,0.0,0.0,0.0,0.0,0.0
2022-03-11 11:41:29,b.468-b.469-b.470,cyan,C06,0,0,0,73.107,0.098,-27.53,0.12,-22.29300000000001,0.172,35.427,0.19899999999999998,219.0,0.102,0.0,0.0,0.0,0.0,0.0,0.0
2022-03-11 11:43:15,b.471-b.472-b.473,cyan,C07,0,0,0,69.063,0.069,-31.31,0.054000000000000006,-25.99,0.027999999999999997,40.69,0.059000000000000004,219.697,0.019,0.0,0.0,0.0,0.0,0.0,0.0
2022-03-11 12:13:49,b.474-b.475-b.476,cyan,C08,0,0,0,63.31,0.096,-34.777,0.021,-30.316999999999997,0.039,46.14,0.028999999999999998,221.083,0.040999999999999995,0.0,0.0,0.0,0.0,0.0,0.0
2022-03-11 12:15:39,b.477-b.478-b.479,cyan,C09,0,0,0,59.96,0.075,-35.757,0.047,-32.41,0.057,48.26,0.073,222.187,0.025,0.0,0.0,0.0,0.0,0.0,0.0
2022-03-11 12:17:21,b.480-b.481-b.482,cyan,C10,0,0,0,58.44,0.036000000000000004,-35.55300000000001,0.031,-33.413000000000004,0.028999999999999998,48.79,0.028999999999999998,223.22299999999998,0.031,0.0,0.0,0.0,0.0,0.0,0.0
2022-03-11 12:19:13,b.483-b.484-b.485,cyan,C11,0,0,0,57.787,0.012,-35.363,0.021,-33.897,0.038,48.983000000000004,0.012,223.787,0.046,0.0,0.0,0.0,0.0,0.0,0.0
2022-03-11 16:42:50,gy.130-gy.131-gy.132,grey,GS2,0,0,0,71.083,0.16,-1.2429999999999999,0.155,0.57,0.12,1.3730000000000002,0.17800000000000002,155.447,3.6460000000000004,0.0,0.0,0.0,0.0,0.0,0.0
2022-03-11 16:44:35,gy.133-gy.134-gy.135,grey,GS3,0,0,0,44.893,0.175,-1.35,0.091,0.897,0.163,1.6269999999999998,0.021,146.563,6.546,0.0,0.0,0.0,0.0,0.0,0.0
2022-03-11 16:46:23,gy.136-gy.137-gy.138,grey,GS4,0,0,0,15.93,0.161,-0.4270000000000001,0.026000000000000002,-0.7929999999999999,0.297,0.91,0.26899999999999996,239.547,8.148,0.0,0.0,0.0,0.0,0.0,0.0
2022-03-11 16:48:23,k.086-k.087-k.088,black,GS5,0,0,0,8.9,0.2,-0.413,0.012,-0.447,0.298,0.657,0.184,220.297,24.226,0.0,0.0,0.0,0.0,0.0,0.0
2022-03-11 16:50:11,k.089-k.090-k.091,black,GS6,0,0,0,8.667,0.063,-0.3,0.037000000000000005,-0.233,0.534,0.59,0.292,195.52,48.177,0.0,0.0,0.0,0.0,0.0,0.0
2022-03-11 12:21:21,r.453-r.454-r.455,magenta,M01,0,0,0,89.09,0.036000000000000004,1.297,0.012,-4.06,0.037000000000000005,4.26,0.037000000000000005,287.733,0.083,0.0,0.0,0.0,0.0,0.0,0.0
2022-03-11 12:23:21,r.456-r.457-r.458,magenta,M02,0,0,0,85.26299999999998,0.139,7.523,0.168,-8.657,0.111,11.47,0.193,310.9770000000001,0.27699999999999997,0.0,0.0,0.0,0.0,0.0,0.0
2022-03-11 12:25:18,r.459-r.460-r.461,magenta,M03,0,0,0,79.65,0.136,16.5,0.177,-15.0,0.12300000000000001,22.296999999999997,0.20800000000000002,317.7270000000001,0.076,0.0,0.0,0.0,0.0,0.0,0.0
2022-03-11 12:27:13,r.462-r.463-r.464,magenta,M04,0,0,0,73.227,0.223,26.307,0.304,-21.463,0.168,33.95,0.34,320.79,0.11900000000000001,0.0,0.0,0.0,0.0,0.0,0.0
2022-03-11 12:29:07,r.465-r.466-r.467,magenta,M05,0,0,0,67.53699999999999,0.20199999999999999,34.673,0.311,-26.38300000000001,0.196,43.57,0.369,322.733,0.045,0.0,0.0,0.0,0.0,0.0,0.0
2022-03-11 12:31:04,r.468-r.469-r.470,magenta,M06,0,0,0,62.23,0.2,42.15,0.28600000000000003,-30.517,0.165,52.04,0.32899999999999996,324.093,0.037000000000000005,0.0,0.0,0.0,0.0,0.0,0.0
2022-03-11 12:32:52,r.471-r.472-r.473,magenta,M07,0,0,0,55.983000000000004,0.19699999999999998,50.42,0.265,-34.863,0.209,61.297,0.336,325.337,0.045,0.0,0.0,0.0,0.0,0.0,0.0
2022-03-11 12:34:42,r.474-r.475-r.476,magenta,M08,0,0,0,47.903,0.07400000000000001,60.033,0.111,-39.507,0.028999999999999998,71.863,0.102,326.653,0.045,0.0,0.0,0.0,0.0,0.0,0.0
2022-03-11 16:10:04,r.477-r.478-r.479,magenta,M09,0,0,0,43.383,0.125,63.713,0.065,-41.227,0.054000000000000006,75.89,0.08199999999999999,327.097,0.012,0.0,0.0,0.0,0.0,0.0,0.0
2022-03-11 16:12:38,r.480-r.481-r.482,magenta,M10,0,0,0,41.253,0.10099999999999999,64.337,0.161,-42.217,0.019,76.95,0.139,326.73,0.065,0.0,0.0,0.0,0.0,0.0,0.0
2022-03-11 16:14:37,r.483-r.484-r.485,magenta,M11,0,0,0,40.72,0.078,64.327,0.075,-42.57,0.028999999999999998,77.133,0.07400000000000001,326.503,0.021,0.0,0.0,0.0,0.0,0.0,0.0
2022-03-11 16:40:54,w.043-w.044-w.045,white,GS1,0,0,0,90.33,0.008,-0.39,0.008,-2.53,0.013999999999999999,2.557,0.019,261.193,0.165,0.0,0.0,0.0,0.0,0.0,0.0
2022-03-11 16:17:43,y.453-y.454-y.455,yellow,Y01,0,0,0,89.64,0.008,-1.09,0.027999999999999997,1.19,0.028999999999999998,1.62,0.037000000000000005,132.48,0.5379999999999999,0.0,0.0,0.0,0.0,0.0,0.0
2022-03-11 16:19:50,y.456-y.457-y.458,yellow,Y02,0,0,0,88.617,0.017,-2.41,0.022000000000000002,10.683,0.068,10.953,0.076,102.70299999999999,0.078,0.0,0.0,0.0,0.0,0.0,0.0
2022-03-11 16:21:31,y.459-y.460-y.461,yellow,Y03,0,0,0,87.13,0.024,-3.08,0.008,22.563000000000002,0.146,22.773000000000003,0.146,97.77,0.051,0.0,0.0,0.0,0.0,0.0,0.0
2022-03-11 16:23:37,y.462-y.463-y.464,yellow,Y04,0,0,0,85.36,0.08,-2.747,0.005,35.577,0.1,35.677,0.1,94.413,0.005,0.0,0.0,0.0,0.0,0.0,0.0
2022-03-11 16:25:30,y.465-y.466-y.467,yellow,Y05,0,0,0,83.64299999999999,0.095,-1.51,0.027999999999999997,47.253,0.165,47.277,0.161,91.833,0.038,0.0,0.0,0.0,0.0,0.0,0.0
2022-03-11 16:27:28,y.468-y.469-y.470,yellow,Y06,0,0,0,82.083,0.045,0.12,0.049,57.1,0.222,57.1,0.222,89.88,0.049,0.0,0.0,0.0,0.0,0.0,0.0
2022-03-11 16:29:18,y.471-y.472-y.473,yellow,Y07,0,0,0,80.16,0.098,2.347,0.021,67.65,0.115,67.69,0.115,88.01299999999998,0.012,0.0,0.0,0.0,0.0,0.0,0.0
2022-03-11 16:31:04,y.474-y.475-y.476,yellow,Y08,0,0,0,77.163,0.10300000000000001,6.48,0.141,81.683,0.42200000000000004,81.93700000000003,0.431,85.463,0.075,0.0,0.0,0.0,0.0,0.0,0.0
2022-03-11 16:32:52,y.477-y.478-y.479,yellow,Y09,0,0,0,75.327,0.09,8.793,0.026000000000000002,86.19,0.139,86.637,0.13699999999999998,84.177,0.021,0.0,0.0,0.0,0.0,0.0,0.0
2022-03-11 16:34:43,y.480-y.481-y.482,yellow,Y10,0,0,0,73.847,0.068,10.633,0.182,88.163,0.39899999999999997,88.8,0.418,83.12,0.08800000000000001,0.0,0.0,0.0,0.0,0.0,0.0
2022-03-11 16:36:34,y.483-y.484-y.485,yellow,Y11,0,0,0,72.37,0.045,12.48,0.08,87.15,0.075,88.04299999999998,0.085,81.85,0.045,0.0,0.0,0.0,0.0,0.0,0.0
2022-01-28 01:37:02,b.001,cyan,C01,3,unknown,unknown,90.86,0.0,-1.29,0.0,-3.96,0.0,4.17,0.0,251.93,0.0,1.415,0.09,1.087,0.08,2.039,0.022000000000000002
2022-01-28 01:37:40,b.002,cyan,C02,3,unknown,unknown,88.91,0.0,-5.77,0.0,-6.63,0.0,8.79,0.0,228.95,0.0,1.439,0.105,1.0390000000000001,0.081,2.329,0.027999999999999997
2022-01-28 01:38:11,b.003,cyan,C03,3,unknown,unknown,85.4,0.0,-12.44,0.0,-10.94,0.0,16.56,0.0,221.33,0.0,1.298,0.063,0.872,0.044000000000000004,1.9140000000000001,0.012
2022-01-28 01:38:43,b.004,cyan,C04,3,unknown,unknown,81.68,0.0,-18.13,0.0,-15.02,0.0,23.55,0.0,219.64,0.0,1.22,0.07,0.8390000000000001,0.048,1.7519999999999998,0.018000000000000002
2022-01-28 01:39:11,b.005,cyan,C05,3,unknown,unknown,77.68,0.0,-23.44,0.0,-19.31,0.0,30.37,0.0,219.48,0.0,1.06,0.171,0.725,0.12,1.288,0.043
2022-01-28 01:39:40,b.006,cyan,C06,3,unknown,unknown,73.96,0.0,-27.66,0.0,-22.88,0.0,35.89,0.0,219.6,0.0,1.044,0.126,0.6920000000000001,0.075,1.0490000000000002,0.025
2022-01-28 01:40:07,b.007,cyan,C07,3,unknown,unknown,69.42,0.0,-31.63,0.0,-26.58,0.0,41.32,0.0,220.04,0.0,0.76,0.045,0.37799999999999995,0.040999999999999995,0.555,0.013999999999999999
2022-01-28 01:40:36,b.008,cyan,C08,3,unknown,unknown,63.6,0.0,-35.27,0.0,-31.01,0.0,46.96,0.0,221.32,0.0,0.899,0.045,0.374,0.053,0.546,0.019
2022-01-28 01:41:04,b.009,cyan,C09,3,unknown,unknown,60.23,0.0,-36.84,0.0,-33.05,0.0,49.49,0.0,221.9,0.0,1.287,0.051,0.47,0.036000000000000004,0.593,0.013000000000000001
2022-01-28 01:41:41,b.010,cyan,C10,3,unknown,unknown,58.96,0.0,-37.64,0.0,-34.04,0.0,50.75,0.0,222.12,0.0,2.24,0.031,0.893,0.02,0.8420000000000001,0.006999999999999999
2022-01-28 01:42:16,b.011,cyan,C11,3,unknown,unknown,58.11,0.0,-37.93,0.0,-34.55,0.0,51.31,0.0,222.33,0.0,2.668,0.022000000000000002,0.986,0.009000000000000001,0.892,0.005
2022-01-28 01:59:30,w.001,white,GS1,3,unknown,unknown,91.3,0.0,-0.5,0.0,-3.17,0.0,3.21,0.0,261.03,0.0,1.167,0.01,0.8390000000000001,0.009000000000000001,1.996,0.005
2022-01-28 01:59:58,gy.001,grey,GS2,3,unknown,unknown,73.11,0.0,-2.02,0.0,1.19,0.0,2.35,0.0,149.58,0.0,2.258,0.157,1.9340000000000002,0.153,2.252,0.042
2022-01-28 02:00:40,gy.002,grey,GS3,3,unknown,unknown,46.46,0.0,-3.16,0.0,1.32,0.0,3.42,0.0,157.35,0.0,2.431,0.135,2.8080000000000003,0.138,0.6990000000000001,0.02
2022-01-28 02:01:15,gy.003,grey,GS4,3,unknown,unknown,13.2,0.0,-1.56,0.0,0.74,0.0,1.72,0.0,154.58,0.0,3.33,0.19,2.826,0.17300000000000001,0.456,0.006999999999999999
2022-01-28 02:01:47,k.001,black,GS5,3,unknown,unknown,3.16,0.0,-1.83,0.0,-3.08,0.0,3.59,0.0,239.31,0.0,6.472,0.215,4.617,0.17600000000000002,0.5529999999999999,0.006
2022-01-28 02:02:19,k.002,black,GS6,3,unknown,unknown,3.0,0.0,-1.85,0.0,-2.67,0.0,3.25,0.0,235.33,0.0,6.3610000000000015,0.212,4.592,0.258,0.513,0.005
2022-01-28 01:43:09,r.001,magenta,M01,3,unknown,unknown,90.45,0.0,0.91,0.0,-4.39,0.0,4.48,0.0,281.71,0.0,1.452,0.035,1.073,0.023,2.451,0.008
2022-01-28 01:43:38,r.002,magenta,M02,3,unknown,unknown,86.97,0.0,6.59,0.0,-8.68,0.0,10.9,0.0,307.2,0.0,1.945,0.146,1.483,0.134,2.716,0.031
2022-01-28 01:44:08,r.003,magenta,M03,3,unknown,unknown,81.29,0.0,15.49,0.0,-15.01,0.0,21.57,0.0,315.91,0.0,1.926,0.14800000000000002,1.3330000000000002,0.10400000000000001,2.438,0.028999999999999998
2022-01-28 01:44:38,r.004,magenta,M04,3,unknown,unknown,75.13,0.0,24.97,0.0,-21.35,0.0,32.86,0.0,319.47,0.0,2.3280000000000003,0.252,1.555,0.165,2.549,0.039
2022-01-28 01:45:07,r.005,magenta,M05,3,unknown,unknown,69.28,0.0,33.57,0.0,-26.53,0.0,42.79,0.0,321.68,0.0,2.068,0.23800000000000002,1.474,0.159,2.272,0.03
2022-01-28 01:47:28,r.006,magenta,M06,3,unknown,unknown,63.54,0.0,41.71,0.0,-31.11,0.0,52.03,0.0,323.28,0.0,1.504,0.204,1.176,0.165,1.841,0.027999999999999997
2022-01-28 01:48:01,r.007,magenta,M07,3,unknown,unknown,56.76,0.0,51.11,0.0,-36.07,0.0,62.56,0.0,324.78,0.0,1.5930000000000002,0.218,0.846,0.162,1.555,0.024
2022-01-28 01:48:39,r.008,magenta,M08,3,unknown,unknown,48.35,0.0,61.83,0.0,-41.11,0.0,74.25,0.0,326.38,0.0,2.449,0.085,0.728,0.046,1.5730000000000002,0.012
2022-01-28 01:49:07,r.009,magenta,M09,3,unknown,unknown,43.43,0.0,67.21,0.0,-43.51,0.0,80.07,0.0,327.08,0.0,4.177,0.062,0.927,0.015,2.076,0.017
2022-01-28 01:49:37,r.010,magenta,M10,3,unknown,unknown,41.04,0.0,69.18,0.0,-44.57,0.0,82.29,0.0,327.21,0.0,5.388999999999999,0.145,1.209,0.04,2.531,0.017
2022-01-28 01:50:08,r.011,magenta,M11,3,unknown,unknown,40.68,0.0,69.32,0.0,-44.96,0.0,82.62,0.0,327.04,0.0,5.5360000000000005,0.069,1.228,0.018000000000000002,2.784,0.01
2022-01-28 01:51:02,y.001,yellow,Y01,3,unknown,unknown,90.9,0.0,-1.11,0.0,0.1,0.0,1.11,0.0,174.77,0.0,1.666,0.02,1.311,0.022000000000000002,2.509,0.005
2022-01-28 01:53:36,y.002,yellow,Y02,3,unknown,unknown,89.86,0.0,-2.47,0.0,9.59,0.0,9.9,0.0,104.44,0.0,1.656,0.047,1.107,0.034,2.354,0.009000000000000001
2022-01-28 01:54:05,y.003,yellow,Y03,3,unknown,unknown,88.17,0.0,-3.12,0.0,21.82,0.0,22.04,0.0,98.14,0.0,1.2790000000000001,0.087,0.77,0.039,1.895,0.013999999999999999
2022-01-28 01:54:37,y.004,yellow,Y04,3,unknown,unknown,86.44,0.0,-2.82,0.0,34.87,0.0,34.99,0.0,94.63,0.0,1.2930000000000001,0.086,0.76,0.051,1.861,0.023
2022-01-28 01:55:06,y.005,yellow,Y05,3,unknown,unknown,84.8,0.0,-1.69,0.0,46.16,0.0,46.19,0.0,92.09,0.0,1.6019999999999999,0.132,0.856,0.061,1.8869999999999998,0.026000000000000002
2022-01-28 01:55:43,y.006,yellow,Y06,3,unknown,unknown,83.05,0.0,0.0,0.0,56.76,0.0,56.76,0.0,90.0,0.0,1.032,0.085,0.6629999999999999,0.031,1.475,0.015
2022-01-28 01:56:12,y.007,yellow,Y07,3,unknown,unknown,80.89,0.0,2.44,0.0,68.53,0.0,68.58,0.0,87.96,0.0,1.147,0.10800000000000001,0.5489999999999999,0.063,1.043,0.024
2022-01-28 01:56:42,y.008,yellow,Y08,3,unknown,unknown,77.67,0.0,6.59,0.0,84.61,0.0,84.87,0.0,85.55,0.0,2.9730000000000003,0.41600000000000004,0.7170000000000001,0.087,0.799,0.022000000000000002
2022-01-28 01:57:12,y.009,yellow,Y09,3,unknown,unknown,75.55,0.0,9.32,0.0,92.35,0.0,92.82,0.0,84.24,0.0,6.187,0.138,1.239,0.03,0.772,0.018000000000000002
2022-01-28 01:58:01,y.010,yellow,Y10,3,unknown,unknown,74.62,0.0,10.43,0.0,94.42,0.0,94.99,0.0,83.7,0.0,6.308,0.396,1.4269999999999998,0.086,0.9179999999999999,0.019
2022-01-28 01:58:40,y.011,yellow,Y11,3,unknown,unknown,73.95,0.0,11.4,0.0,93.89,0.0,94.58,0.0,83.08,0.0,7.006,0.07400000000000001,2.05,0.032,1.3119999999999998,0.009000000000000001
2022-01-31 11:15:06,b.023,cyan,C01,6,unknown,unknown,92.54,0.0,-0.91,0.0,-2.83,0.0,2.97,0.0,252.08,0.0,2.647,0.07,1.7009999999999998,0.043,5.643,0.022000000000000002
2022-01-31 11:15:16,b.024,cyan,C02,6,unknown,unknown,90.62,0.0,-5.38,0.0,-5.55,0.0,7.73,0.0,225.87,0.0,2.9939999999999998,0.092,1.972,0.057999999999999996,5.827000000000001,0.027999999999999997
2022-01-31 11:15:27,b.025,cyan,C03,6,unknown,unknown,87.28,0.0,-11.52,0.0,-9.67,0.0,15.04,0.0,220.02,0.0,3.2260000000000004,0.045,2.125,0.027999999999999997,5.516,0.012
2022-01-31 11:15:37,b.026,cyan,C04,6,unknown,unknown,83.6,0.0,-17.45,0.0,-14.05,0.0,22.4,0.0,218.86,0.0,3.2880000000000003,0.068,2.167,0.046,5.09,0.018000000000000002
2022-01-31 11:15:47,b.027,cyan,C05,6,unknown,unknown,79.71,0.0,-22.47,0.0,-18.19,0.0,28.91,0.0,219.0,0.0,3.2089999999999996,0.172,2.162,0.121,4.5089999999999995,0.043
2022-01-31 11:15:58,b.028,cyan,C06,6,unknown,unknown,76.08,0.0,-26.45,0.0,-21.8,0.0,34.28,0.0,219.49,0.0,3.201,0.10300000000000001,2.235,0.07200000000000001,4.123,0.025
2022-01-31 11:16:17,b.029,cyan,C07,6,unknown,unknown,71.89,0.0,-30.3,0.0,-25.51,0.0,39.61,0.0,220.1,0.0,3.04,0.067,2.214,0.053,3.55,0.013999999999999999
2022-01-31 11:16:27,b.030,cyan,C08,6,unknown,unknown,66.06,0.0,-34.08,0.0,-29.99,0.0,45.4,0.0,221.35,0.0,2.8560000000000003,0.09300000000000001,2.287,0.08,2.966,0.019
2022-01-31 11:16:37,b.031,cyan,C09,6,unknown,unknown,62.54,0.0,-35.26,0.0,-32.29,0.0,47.81,0.0,222.48,0.0,2.63,0.07400000000000001,2.238,0.066,2.576,0.013000000000000001
2022-01-31 11:16:48,b.032,cyan,C10,6,unknown,unknown,60.75,0.0,-35.13,0.0,-33.43,0.0,48.5,0.0,223.58,0.0,2.3480000000000003,0.036000000000000004,2.051,0.032,2.237,0.006999999999999999
2022-01-31 11:17:02,b.033,cyan,C11,6,unknown,unknown,60.03,0.0,-34.93,0.0,-34.08,0.0,48.8,0.0,224.29,0.0,2.292,0.013000000000000001,2.015,0.011000000000000001,2.167,0.005
2022-01-31 11:22:28,w.003,white,GS1,6,unknown,unknown,92.79,0.0,-0.06,0.0,-2.41,0.0,2.41,0.0,268.66,0.0,2.485,0.008,1.595,0.006,5.4460000000000015,0.005
2022-01-31 11:22:39,gy.007,grey,GS2,6,unknown,unknown,73.9,0.0,-0.18,0.0,0.95,0.0,0.97,0.0,100.93,0.0,3.035,0.159,2.638,0.159,4.297,0.042
2022-01-31 11:22:50,gy.008,grey,GS3,6,unknown,unknown,47.66,0.0,-0.48,0.0,0.47,0.0,0.67,0.0,135.23,0.0,2.932,0.16899999999999998,2.965,0.159,2.1830000000000003,0.02
2022-01-31 11:23:00,gy.009,grey,GS4,6,unknown,unknown,20.61,0.0,0.46,0.0,-2.71,0.0,2.74,0.0,279.55,0.0,5.135,0.184,3.865,0.158,1.21,0.006999999999999999
2022-01-31 11:23:11,k.005,black,GS5,6,unknown,unknown,15.02,0.0,0.0,0.0,-2.47,0.0,2.47,0.0,270.06,0.0,6.459,0.21100000000000002,4.387,0.16699999999999998,1.013,0.006
2022-01-31 11:23:23,k.006,black,GS6,6,unknown,unknown,11.61,0.0,0.04,0.0,-2.72,0.0,2.72,0.0,270.88,0.0,3.8680000000000003,0.34700000000000003,3.017,0.405,0.53,0.005
2022-01-31 11:17:33,r.023,magenta,M01,6,unknown,unknown,91.72,0.0,1.44,0.0,-3.74,0.0,4.01,0.0,291.08,0.0,2.653,0.036000000000000004,1.681,0.023,5.524,0.008
2022-01-31 11:17:44,r.024,magenta,M02,6,unknown,unknown,87.99,0.0,7.6,0.0,-8.36,0.0,11.3,0.0,312.27,0.0,2.7439999999999998,0.139,1.7830000000000001,0.092,5.575,0.031
2022-01-31 11:17:55,r.025,magenta,M03,6,unknown,unknown,82.3,0.0,16.48,0.0,-14.73,0.0,22.11,0.0,318.21,0.0,2.6639999999999997,0.136,1.8230000000000002,0.094,5.231,0.028999999999999998
2022-01-31 11:18:06,r.026,magenta,M04,6,unknown,unknown,76.09,0.0,25.94,0.0,-21.0,0.0,33.38,0.0,321.01,0.0,2.923,0.223,2.114,0.165,5.144,0.039
2022-01-31 11:18:17,r.027,magenta,M05,6,unknown,unknown,69.94,0.0,34.67,0.0,-26.24,0.0,43.48,0.0,322.88,0.0,2.407,0.20199999999999999,1.8880000000000001,0.161,4.459,0.03
2022-01-31 11:18:27,r.028,magenta,M06,6,unknown,unknown,64.76,0.0,41.76,0.0,-30.2,0.0,51.53,0.0,324.12,0.0,2.5789999999999997,0.20199999999999999,2.128,0.17,4.268,0.027999999999999997
2022-01-31 11:18:38,r.029,magenta,M07,6,unknown,unknown,57.98,0.0,50.51,0.0,-34.8,0.0,61.34,0.0,325.44,0.0,2.0,0.19699999999999998,1.8359999999999999,0.184,3.5810000000000004,0.024
2022-01-31 11:18:49,r.030,magenta,M08,6,unknown,unknown,49.72,0.0,60.05,0.0,-39.47,0.0,71.87,0.0,326.68,0.0,1.817,0.07400000000000001,1.8090000000000002,0.073,3.117,0.012
2022-01-31 11:19:00,r.031,magenta,M09,6,unknown,unknown,45.35,0.0,63.37,0.0,-41.26,0.0,75.62,0.0,326.93,0.0,1.9969999999999999,0.124,1.848,0.115,3.05,0.017
2022-01-31 11:19:12,r.032,magenta,M10,6,unknown,unknown,43.12,0.0,64.07,0.0,-42.39,0.0,76.82,0.0,326.51,0.0,1.8940000000000001,0.102,1.699,0.09,2.803,0.017
2022-01-31 11:19:25,r.033,magenta,M11,6,unknown,unknown,42.59,0.0,64.58,0.0,-43.03,0.0,77.6,0.0,326.32,0.0,1.942,0.076,1.6909999999999998,0.069,2.9530000000000003,0.01
2022-01-31 11:20:00,y.023,yellow,Y01,6,unknown,unknown,92.11,0.0,-0.71,0.0,0.62,0.0,0.94,0.0,138.59,0.0,2.563,0.011000000000000001,1.709,0.015,5.4170000000000025,0.005
2022-01-31 11:20:12,y.024,yellow,Y02,6,unknown,unknown,91.09,0.0,-2.02,0.0,10.03,0.0,10.23,0.0,101.37,0.0,2.5869999999999997,0.024,1.67,0.016,5.265,0.009000000000000001
2022-01-31 11:20:22,y.025,yellow,Y03,6,unknown,unknown,89.55,0.0,-2.75,0.0,22.11,0.0,22.28,0.0,97.09,0.0,2.484,0.035,1.5830000000000002,0.017,4.92,0.013999999999999999
2022-01-31 11:20:33,y.026,yellow,Y04,6,unknown,unknown,87.88,0.0,-2.43,0.0,33.61,0.0,33.69,0.0,94.14,0.0,3.2119999999999997,0.08800000000000001,1.81,0.05,4.998,0.023
2022-01-31 11:20:44,y.027,yellow,Y05,6,unknown,unknown,86.03,0.0,-1.27,0.0,44.9,0.0,44.92,0.0,91.62,0.0,3.36,0.134,1.7530000000000001,0.061,4.553,0.026000000000000002
2022-01-31 11:20:55,y.028,yellow,Y06,6,unknown,unknown,84.15,0.0,0.33,0.0,55.31,0.0,55.31,0.0,89.66,0.0,2.742,0.149,1.482,0.036000000000000004,3.761,0.015
2022-01-31 11:21:08,y.029,yellow,Y07,6,unknown,unknown,82.23,0.0,2.87,0.0,66.58,0.0,66.64,0.0,87.53,0.0,2.388,0.099,1.4809999999999999,0.065,3.667,0.024
2022-01-31 11:21:20,y.030,yellow,Y08,6,unknown,unknown,79.12,0.0,6.7,0.0,79.05,0.0,79.34,0.0,85.16,0.0,3.2880000000000003,0.344,1.5130000000000001,0.077,3.2239999999999998,0.022000000000000002
2022-01-31 11:21:32,y.031,yellow,Y09,6,unknown,unknown,77.17,0.0,9.22,0.0,84.8,0.0,85.3,0.0,83.79,0.0,2.3480000000000003,0.109,1.3940000000000001,0.063,2.967,0.018000000000000002
2022-01-31 11:21:45,y.032,yellow,Y10,6,unknown,unknown,75.71,0.0,11.1,0.0,86.8,0.0,87.51,0.0,82.71,0.0,2.355,0.24,1.4340000000000002,0.057999999999999996,2.9419999999999997,0.019
2022-01-31 11:21:56,y.033,yellow,Y11,6,unknown,unknown,74.0,0.0,13.1,0.0,87.2,0.0,88.18,0.0,81.46,0.0,1.745,0.051,1.263,0.035,2.597,0.009000000000000001
2022-01-31 17:23:04,b.045,cyan,C01,11,unknown,unknown,91.62,0.0,-0.91,0.0,-2.94,0.0,3.07,0.0,252.86,0.0,1.7409999999999999,0.069,1.176,0.042,3.845,0.022000000000000002
2022-01-31 17:23:24,b.046,cyan,C02,11,unknown,unknown,89.55,0.0,-5.13,0.0,-5.61,0.0,7.6,0.0,227.59,0.0,2.065,0.086,1.53,0.054000000000000006,3.9189999999999996,0.027999999999999997
2022-01-31 17:23:36,b.047,cyan,C03,11,unknown,unknown,86.28,0.0,-11.8,0.0,-9.99,0.0,15.46,0.0,220.26,0.0,2.15,0.043,1.4340000000000002,0.027000000000000003,3.76,0.012
2022-01-31 17:23:46,b.048,cyan,C04,11,unknown,unknown,82.46,0.0,-17.91,0.0,-14.43,0.0,23.0,0.0,218.85,0.0,2.0140000000000002,0.068,1.347,0.046,3.2239999999999998,0.018000000000000002
2022-01-31 17:23:58,b.049,cyan,C05,11,unknown,unknown,78.3,0.0,-22.87,0.0,-18.33,0.0,29.31,0.0,218.72,0.0,1.756,0.172,1.161,0.12,2.362,0.043
2022-01-31 17:24:08,b.050,cyan,C06,11,unknown,unknown,74.69,0.0,-27.17,0.0,-21.96,0.0,34.93,0.0,218.95,0.0,1.6569999999999998,0.10300000000000001,1.186,0.073,2.0980000000000003,0.025
2022-01-31 17:24:18,b.051,cyan,C07,11,unknown,unknown,70.6,0.0,-31.65,0.0,-26.04,0.0,40.98,0.0,219.44,0.0,1.575,0.068,1.2,0.054000000000000006,1.8130000000000002,0.013999999999999999
2022-01-31 17:24:29,b.052,cyan,C08,11,unknown,unknown,64.85,0.0,-35.65,0.0,-30.68,0.0,47.04,0.0,220.72,0.0,1.807,0.083,1.3230000000000002,0.078,1.5919999999999999,0.019
2022-01-31 17:25:01,b.053,cyan,C09,11,unknown,unknown,61.4,0.0,-36.62,0.0,-33.13,0.0,49.38,0.0,222.14,0.0,1.827,0.067,1.3030000000000002,0.064,1.518,0.013000000000000001
2022-01-31 17:26:22,b.054,cyan,C10,11,unknown,unknown,59.68,0.0,-36.42,0.0,-34.22,0.0,49.97,0.0,223.21,0.0,1.715,0.033,1.165,0.031,1.315,0.006999999999999999
2022-01-31 17:26:35,b.055,cyan,C11,11,unknown,unknown,59.05,0.0,-36.17,0.0,-34.79,0.0,50.19,0.0,223.88,0.0,1.745,0.023,1.196,0.011000000000000001,1.351,0.005
2022-01-31 17:32:07,w.005,white,GS1,11,unknown,unknown,92.33,0.0,-0.15,0.0,-2.57,0.0,2.57,0.0,266.71,0.0,2.015,0.008,1.285,0.006,4.543,0.005
2022-01-31 17:32:19,gy.013,grey,GS2,11,unknown,unknown,73.52,0.0,-0.11,0.0,0.87,0.0,0.88,0.0,97.04,0.0,2.7039999999999997,0.159,2.4730000000000003,0.16899999999999998,3.803,0.042
2022-01-31 17:32:30,gy.014,grey,GS3,11,unknown,unknown,47.33,0.0,-0.51,0.0,0.27,0.0,0.58,0.0,151.55,0.0,2.653,0.168,2.6919999999999997,0.158,1.9280000000000002,0.02
2022-01-31 17:32:40,gy.015,grey,GS4,11,unknown,unknown,19.49,0.0,0.3,0.0,-2.91,0.0,2.93,0.0,275.97,0.0,4.205,0.20199999999999999,3.2769999999999997,0.187,0.945,0.006999999999999999
2022-01-31 17:32:50,k.009,black,GS5,11,unknown,unknown,14.12,0.0,-0.2,0.0,-2.49,0.0,2.5,0.0,265.32,0.0,5.61,0.215,3.846,0.18,0.893,0.006
2022-01-31 17:33:01,k.010,black,GS6,11,unknown,unknown,4.22,0.0,-0.42,0.0,-4.75,0.0,4.77,0.0,264.92,0.0,6.34,0.38299999999999995,4.874,0.436,0.375,0.005
2022-01-31 17:27:07,r.045,magenta,M01,11,unknown,unknown,91.03,0.0,1.42,0.0,-3.93,0.0,4.18,0.0,289.92,0.0,1.9480000000000002,0.036000000000000004,1.234,0.023,4.212,0.008
2022-01-31 17:27:17,r.046,magenta,M02,11,unknown,unknown,87.05,0.0,7.81,0.0,-8.72,0.0,11.71,0.0,311.84,0.0,1.811,0.14,1.195,0.09699999999999999,3.95,0.031
2022-01-31 17:27:33,r.047,magenta,M03,11,unknown,unknown,81.25,0.0,16.94,0.0,-15.29,0.0,22.82,0.0,317.93,0.0,1.685,0.139,1.139,0.095,3.608,0.028999999999999998
2022-01-31 17:27:44,r.048,magenta,M04,11,unknown,unknown,74.73,0.0,26.89,0.0,-21.78,0.0,34.6,0.0,320.99,0.0,1.643,0.233,1.1420000000000001,0.16399999999999998,3.3789999999999996,0.039
2022-01-31 17:27:55,r.049,magenta,M05,11,unknown,unknown,68.54,0.0,35.77,0.0,-27.22,0.0,44.95,0.0,322.73,0.0,1.706,0.252,0.919,0.147,2.819,0.03
2022-01-31 17:28:06,r.050,magenta,M06,11,unknown,unknown,63.14,0.0,43.27,0.0,-31.39,0.0,53.46,0.0,324.04,0.0,1.6869999999999998,0.235,0.879,0.153,2.582,0.027999999999999997
2022-01-31 17:28:17,r.051,magenta,M07,11,unknown,unknown,56.47,0.0,52.4,0.0,-36.11,0.0,63.64,0.0,325.43,0.0,2.39,0.248,0.763,0.122,2.39,0.024
2022-01-31 17:28:28,r.052,magenta,M08,11,unknown,unknown,48.03,0.0,62.73,0.0,-41.19,0.0,75.05,0.0,326.71,0.0,3.182,0.095,0.7490000000000001,0.026000000000000002,2.29,0.012
2022-01-31 17:28:39,r.053,magenta,M09,11,unknown,unknown,43.48,0.0,66.56,0.0,-43.25,0.0,79.38,0.0,326.98,0.0,3.4939999999999998,0.062,0.785,0.019,2.249,0.017
2022-01-31 17:29:01,r.054,magenta,M10,11,unknown,unknown,41.24,0.0,67.49,0.0,-44.39,0.0,80.78,0.0,326.66,0.0,3.8289999999999997,0.133,0.843,0.027999999999999997,2.117,0.017
2022-01-31 17:29:12,r.055,magenta,M11,11,unknown,unknown,40.69,0.0,67.73,0.0,-44.66,0.0,81.13,0.0,326.6,0.0,3.9939999999999998,0.066,0.8759999999999999,0.015,2.211,0.01
2022-01-31 17:29:47,y.045,yellow,Y01,11,unknown,unknown,91.61,0.0,-0.76,0.0,0.47,0.0,0.89,0.0,148.26,0.0,2.123,0.013000000000000001,1.476,0.018000000000000002,4.4719999999999995,0.005
2022-01-31 17:29:57,y.046,yellow,Y02,11,unknown,unknown,90.54,0.0,-2.1,0.0,9.66,0.0,9.89,0.0,102.27,0.0,2.2,0.035,1.4280000000000002,0.024,4.247,0.009000000000000001
2022-01-31 17:30:08,y.047,yellow,Y03,11,unknown,unknown,88.89,0.0,-2.85,0.0,21.84,0.0,22.03,0.0,97.43,0.0,1.9169999999999998,0.059000000000000004,1.192,0.025,3.736,0.013999999999999999
2022-01-31 17:30:20,y.048,yellow,Y04,11,unknown,unknown,87.24,0.0,-2.53,0.0,33.89,0.0,33.98,0.0,94.27,0.0,2.535,0.08900000000000001,1.39,0.049,3.8289999999999997,0.023
2022-01-31 17:30:30,y.049,yellow,Y05,11,unknown,unknown,85.41,0.0,-1.31,0.0,46.73,0.0,46.74,0.0,91.61,0.0,1.854,0.102,1.187,0.063,3.347,0.026000000000000002
2022-01-31 17:30:40,y.050,yellow,Y06,11,unknown,unknown,83.58,0.0,0.41,0.0,57.31,0.0,57.32,0.0,89.59,0.0,1.5390000000000001,0.054000000000000006,1.025,0.031,2.765,0.015
2022-01-31 17:30:52,y.051,yellow,Y07,11,unknown,unknown,81.71,0.0,2.65,0.0,68.19,0.0,68.24,0.0,87.77,0.0,1.669,0.098,1.085,0.066,2.708,0.024
2022-01-31 17:31:03,y.052,yellow,Y08,11,unknown,unknown,78.44,0.0,6.73,0.0,82.71,0.0,82.98,0.0,85.35,0.0,1.6580000000000001,0.27399999999999997,0.9359999999999999,0.07400000000000001,2.109,0.022000000000000002
2022-01-31 17:31:15,y.053,yellow,Y09,11,unknown,unknown,76.55,0.0,9.2,0.0,89.25,0.0,89.72,0.0,84.11,0.0,3.32,0.132,1.082,0.055999999999999994,1.9980000000000002,0.018000000000000002
2022-01-31 17:31:28,y.054,yellow,Y10,11,unknown,unknown,75.34,0.0,10.78,0.0,90.87,0.0,91.51,0.0,83.23,0.0,3.095,0.35100000000000003,1.2229999999999999,0.059000000000000004,2.201,0.019
2022-01-31 17:31:41,y.055,yellow,Y11,11,unknown,unknown,73.82,0.0,12.53,0.0,90.36,0.0,91.22,0.0,82.11,0.0,3.523,0.071,1.273,0.031,2.102,0.009000000000000001
2022-02-01 11:25:56,b.067,cyan,C01,27,unknown,unknown,91.06,0.0,-0.98,0.0,-3.39,0.0,3.52,0.0,253.94,0.0,1.276,0.075,0.938,0.055999999999999994,3.0789999999999997,0.022000000000000002
2022-02-01 11:26:13,b.068,cyan,C02,27,unknown,unknown,89.05,0.0,-5.13,0.0,-5.96,0.0,7.87,0.0,229.27,0.0,1.62,0.081,1.33,0.055999999999999994,3.312,0.027999999999999997
2022-02-01 11:26:28,b.069,cyan,C03,27,unknown,unknown,85.75,0.0,-11.52,0.0,-10.15,0.0,15.35,0.0,221.37,0.0,1.7890000000000001,0.038,1.265,0.026000000000000002,3.173,0.012
2022-02-01 11:26:44,b.070,cyan,C04,27,unknown,unknown,82.14,0.0,-17.22,0.0,-14.31,0.0,22.39,0.0,219.73,0.0,2.066,0.061,1.325,0.040999999999999995,3.096,0.018000000000000002
2022-02-01 11:26:59,b.071,cyan,C05,27,unknown,unknown,78.27,0.0,-22.59,0.0,-18.55,0.0,29.22,0.0,219.39,0.0,1.807,0.172,1.179,0.11900000000000001,2.613,0.043
2022-02-01 11:27:16,b.072,cyan,C06,27,unknown,unknown,74.75,0.0,-26.69,0.0,-22.14,0.0,34.68,0.0,219.68,0.0,1.8519999999999999,0.10400000000000001,1.273,0.07200000000000001,2.505,0.025
2022-02-01 11:27:39,b.073,cyan,C07,27,unknown,unknown,70.55,0.0,-30.93,0.0,-25.99,0.0,40.4,0.0,220.05,0.0,1.535,0.068,1.165,0.054000000000000006,2.036,0.013999999999999999
2022-02-01 11:28:00,b.074,cyan,C08,27,unknown,unknown,64.82,0.0,-34.91,0.0,-30.48,0.0,46.35,0.0,221.12,0.0,1.525,0.095,1.2590000000000001,0.081,1.704,0.019
2022-02-01 11:28:16,b.075,cyan,C09,27,unknown,unknown,61.39,0.0,-36.09,0.0,-32.86,0.0,48.8,0.0,222.32,0.0,1.536,0.073,1.2590000000000001,0.065,1.5419999999999998,0.013000000000000001
2022-02-01 11:28:34,b.076,cyan,C10,27,unknown,unknown,59.57,0.0,-36.2,0.0,-34.1,0.0,49.73,0.0,223.29,0.0,1.472,0.034,1.05,0.031,1.2670000000000001,0.006999999999999999
2022-02-01 11:28:57,b.077,cyan,C11,27,unknown,unknown,59.02,0.0,-35.63,0.0,-34.73,0.0,49.75,0.0,224.27,0.0,1.5119999999999998,0.023,1.151,0.011000000000000001,1.406,0.005
2022-02-01 11:50:21,w.007,white,GS1,27,unknown,unknown,91.54,0.0,-0.29,0.0,-2.95,0.0,2.96,0.0,264.4,0.0,1.285,0.009000000000000001,0.853,0.006999999999999999,3.2539999999999996,0.005
2022-02-01 11:50:37,gy.019,grey,GS2,27,unknown,unknown,72.92,0.0,0.13,0.0,0.62,0.0,0.64,0.0,78.03,0.0,2.294,0.158,2.427,0.19,3.285,0.042
2022-02-01 11:50:53,gy.020,grey,GS3,27,unknown,unknown,46.07,0.0,-0.34,0.0,-0.15,0.0,0.38,0.0,203.85,0.0,1.871,0.151,2.076,0.14300000000000002,1.227,0.02
2022-02-01 11:51:08,gy.021,grey,GS4,27,unknown,unknown,13.31,0.0,0.63,0.0,-4.53,0.0,4.57,0.0,277.88,0.0,4.685,0.254,4.041,0.237,0.375,0.006999999999999999
2022-02-01 11:51:24,k.013,black,GS5,27,unknown,unknown,4.47,0.0,-0.09,0.0,-4.79,0.0,4.79,0.0,268.96,0.0,6.2120000000000015,0.252,4.754,0.245,0.366,0.006
2022-02-01 11:51:46,k.014,black,GS6,27,unknown,unknown,15.06,0.0,-0.08,0.0,-2.39,0.0,2.39,0.0,267.97,0.0,6.751,0.18100000000000002,4.57,0.23600000000000002,1.068,0.005
2022-02-01 11:35:11,r.067,magenta,M01,27,unknown,unknown,90.4,0.0,1.28,0.0,-4.41,0.0,4.59,0.0,286.2,0.0,1.3559999999999999,0.036000000000000004,0.877,0.024,3.299,0.008
2022-02-01 11:36:50,r.068,magenta,M02,27,unknown,unknown,86.58,0.0,7.34,0.0,-8.97,0.0,11.59,0.0,309.31,0.0,1.3659999999999999,0.138,0.9229999999999999,0.1,3.179,0.031
2022-02-01 11:40:42,r.069,magenta,M03,27,unknown,unknown,80.84,0.0,16.33,0.0,-15.37,0.0,22.42,0.0,316.72,0.0,1.258,0.136,0.8740000000000001,0.096,2.8710000000000004,0.028999999999999998
2022-02-01 11:41:02,r.070,magenta,M04,27,unknown,unknown,74.34,0.0,26.22,0.0,-21.85,0.0,34.13,0.0,320.19,0.0,1.182,0.218,0.86,0.16399999999999998,2.7030000000000003,0.039
2022-02-01 11:41:24,r.071,magenta,M05,27,unknown,unknown,68.08,0.0,35.26,0.0,-27.33,0.0,44.62,0.0,322.22,0.0,1.239,0.228,0.604,0.13,2.1180000000000003,0.03
2022-02-01 11:41:40,r.072,magenta,M06,27,unknown,unknown,62.88,0.0,42.68,0.0,-31.57,0.0,53.08,0.0,323.51,0.0,1.3459999999999999,0.19699999999999998,0.698,0.142,2.1630000000000003,0.027999999999999997
2022-02-01 11:41:56,r.073,magenta,M07,27,unknown,unknown,56.29,0.0,51.77,0.0,-36.27,0.0,63.21,0.0,324.98,0.0,1.974,0.237,0.61,0.10400000000000001,2.066,0.024
2022-02-01 11:42:18,r.074,magenta,M08,27,unknown,unknown,48.15,0.0,61.83,0.0,-41.09,0.0,74.24,0.0,326.4,0.0,2.408,0.085,0.623,0.032,2.127,0.012
2022-02-01 11:42:33,r.075,magenta,M09,27,unknown,unknown,44.01,0.0,65.22,0.0,-42.82,0.0,78.02,0.0,326.71,0.0,2.281,0.067,0.785,0.086,2.3369999999999997,0.017
2022-02-01 11:42:49,r.076,magenta,M10,27,unknown,unknown,41.72,0.0,66.39,0.0,-43.98,0.0,79.64,0.0,326.48,0.0,2.7460000000000004,0.122,0.742,0.054000000000000006,2.313,0.017
2022-02-01 11:43:09,r.077,magenta,M11,27,unknown,unknown,41.21,0.0,66.61,0.0,-44.35,0.0,80.03,0.0,326.34,0.0,2.9360000000000004,0.062,0.779,0.04,2.3480000000000003,0.01
2022-02-01 11:47:04,y.067,yellow,Y01,27,unknown,unknown,91.07,0.0,-0.88,0.0,-0.14,0.0,0.89,0.0,188.84,0.0,1.964,0.021,1.588,0.023,3.7119999999999997,0.005
2022-02-01 11:47:18,y.068,yellow,Y02,27,unknown,unknown,89.95,0.0,-2.21,0.0,8.81,0.0,9.08,0.0,104.08,0.0,2.3080000000000003,0.055999999999999994,1.555,0.039,3.452,0.009000000000000001
2022-02-01 11:47:34,y.069,yellow,Y03,27,unknown,unknown,88.35,0.0,-3.09,0.0,21.17,0.0,21.39,0.0,98.3,0.0,1.8519999999999999,0.111,1.0590000000000002,0.051,3.0039999999999996,0.013999999999999999
2022-02-01 11:47:54,y.070,yellow,Y04,27,unknown,unknown,86.65,0.0,-2.88,0.0,32.98,0.0,33.11,0.0,94.99,0.0,2.903,0.096,1.341,0.044000000000000004,3.0060000000000002,0.023
2022-02-01 11:48:11,y.071,yellow,Y05,27,unknown,unknown,84.62,0.0,-1.52,0.0,45.98,0.0,46.0,0.0,91.9,0.0,1.605,0.14300000000000002,0.768,0.06,2.206,0.026000000000000002
2022-02-01 11:48:26,y.072,yellow,Y06,27,unknown,unknown,83.1,0.0,-0.04,0.0,56.09,0.0,56.09,0.0,90.04,0.0,1.442,0.159,0.7490000000000001,0.037000000000000005,2.144,0.015
2022-02-01 11:48:45,y.073,yellow,Y07,27,unknown,unknown,81.39,0.0,2.14,0.0,66.27,0.0,66.31,0.0,88.15,0.0,1.86,0.107,0.9179999999999999,0.063,2.302,0.024
2022-02-01 11:49:00,y.074,yellow,Y08,27,unknown,unknown,78.88,0.0,6.01,0.0,78.49,0.0,78.72,0.0,85.62,0.0,3.656,0.3720000000000001,1.406,0.077,2.823,0.022000000000000002
2022-02-01 11:49:15,y.075,yellow,Y09,27,unknown,unknown,76.99,0.0,8.64,0.0,83.6,0.0,84.04,0.0,84.1,0.0,3.082,0.127,1.315,0.061,2.622,0.018000000000000002
2022-02-01 11:49:30,y.076,yellow,Y10,27,unknown,unknown,75.51,0.0,10.33,0.0,85.18,0.0,85.81,0.0,83.08,0.0,3.429,0.349,1.3630000000000002,0.057999999999999996,2.506,0.019
2022-02-01 11:49:48,y.077,yellow,Y11,27,unknown,unknown,74.16,0.0,11.89,0.0,84.23,0.0,85.06,0.0,81.96,0.0,3.475,0.069,1.4680000000000002,0.032,2.542,0.009000000000000001
2022-02-02 02:11:11,b.089,cyan,C01,50,unknown,unknown,91.18,0.0,-1.05,0.0,-3.37,0.0,3.53,0.0,252.68,0.0,1.364,0.075,0.9490000000000001,0.055999999999999994,3.42,0.022000000000000002
2022-02-02 02:11:26,b.090,cyan,C02,50,unknown,unknown,89.18,0.0,-5.0,0.0,-5.74,0.0,7.61,0.0,228.95,0.0,1.8030000000000002,0.08,1.473,0.052000000000000005,3.668,0.027999999999999997
2022-02-02 02:11:41,b.091,cyan,C03,50,unknown,unknown,86.08,0.0,-11.22,0.0,-9.88,0.0,14.94,0.0,221.37,0.0,2.2640000000000002,0.040999999999999995,1.581,0.024,3.938,0.012
2022-02-02 02:11:57,b.092,cyan,C04,50,unknown,unknown,82.39,0.0,-17.14,0.0,-14.2,0.0,22.26,0.0,219.65,0.0,2.332,0.063,1.494,0.042,3.6039999999999996,0.018000000000000002
2022-02-02 02:12:11,b.093,cyan,C05,50,unknown,unknown,78.47,0.0,-22.36,0.0,-18.26,0.0,28.87,0.0,219.24,0.0,2.153,0.171,1.358,0.11699999999999999,3.003,0.043
2022-02-02 02:12:24,b.094,cyan,C06,50,unknown,unknown,74.87,0.0,-26.57,0.0,-21.67,0.0,34.28,0.0,219.2,0.0,2.102,0.111,1.379,0.071,2.71,0.025
2022-02-02 02:12:39,b.095,cyan,C07,50,unknown,unknown,70.71,0.0,-30.88,0.0,-25.69,0.0,40.17,0.0,219.76,0.0,1.7280000000000002,0.067,1.2890000000000001,0.053,2.267,0.013999999999999999
2022-02-02 02:12:52,b.096,cyan,C08,50,unknown,unknown,65.08,0.0,-35.03,0.0,-30.23,0.0,46.27,0.0,220.8,0.0,1.79,0.095,1.476,0.08,1.9869999999999999,0.019
2022-02-02 02:13:07,b.097,cyan,C09,50,unknown,unknown,61.74,0.0,-36.32,0.0,-32.58,0.0,48.79,0.0,221.89,0.0,1.875,0.073,1.561,0.065,1.883,0.013000000000000001
2022-02-02 02:13:22,b.098,cyan,C10,50,unknown,unknown,59.97,0.0,-36.33,0.0,-33.79,0.0,49.61,0.0,222.93,0.0,1.757,0.035,1.391,0.032,1.632,0.006999999999999999
2022-02-02 02:13:45,b.099,cyan,C11,50,unknown,unknown,59.32,0.0,-35.92,0.0,-34.31,0.0,49.67,0.0,223.68,0.0,1.683,0.016,1.3940000000000001,0.011000000000000001,1.646,0.005
2022-02-02 02:21:37,w.009,white,GS1,50,unknown,unknown,91.69,0.0,-0.36,0.0,-2.85,0.0,2.87,0.0,262.71,0.0,1.3969999999999998,0.008,0.892,0.006,3.5980000000000003,0.005
2022-02-02 02:21:51,gy.025,grey,GS2,50,unknown,unknown,73.14,0.0,0.19,0.0,0.58,0.0,0.61,0.0,72.2,0.0,2.5069999999999997,0.158,2.597,0.188,3.667,0.042
2022-02-02 02:22:06,gy.026,grey,GS3,50,unknown,unknown,46.07,0.0,-0.1,0.0,0.41,0.0,0.42,0.0,104.2,0.0,1.785,0.139,2.154,0.138,1.266,0.02
2022-02-02 02:22:21,gy.027,grey,GS4,50,unknown,unknown,13.4,0.0,0.53,0.0,-4.44,0.0,4.47,0.0,276.81,0.0,4.541,0.255,3.907,0.24,0.376,0.006999999999999999
2022-02-02 02:22:38,k.017,black,GS5,50,unknown,unknown,5.88,0.0,-0.2,0.0,-5.23,0.0,5.23,0.0,267.86,0.0,5.6610000000000005,0.273,4.641,0.267,0.294,0.006
2022-02-02 02:22:52,k.018,black,GS6,50,unknown,unknown,5.42,0.0,-0.38,0.0,-4.95,0.0,4.97,0.0,265.61,0.0,5.727,0.441,4.664,0.473,0.319,0.005
2022-02-02 02:14:29,r.089,magenta,M01,50,unknown,unknown,90.43,0.0,1.23,0.0,-4.42,0.0,4.59,0.0,285.55,0.0,1.389,0.036000000000000004,0.905,0.024,3.44,0.008
2022-02-02 02:14:42,r.090,magenta,M02,50,unknown,unknown,86.64,0.0,7.29,0.0,-9.07,0.0,11.63,0.0,308.79,0.0,1.456,0.138,1.0,0.10400000000000001,3.3939999999999997,0.031
2022-02-02 02:14:58,r.091,magenta,M03,50,unknown,unknown,80.91,0.0,16.3,0.0,-15.46,0.0,22.46,0.0,316.5,0.0,1.3559999999999999,0.136,0.9440000000000001,0.09699999999999999,3.114,0.028999999999999998
2022-02-02 02:15:14,r.092,magenta,M04,50,unknown,unknown,74.51,0.0,26.0,0.0,-21.76,0.0,33.91,0.0,320.07,0.0,1.3519999999999999,0.226,0.9890000000000001,0.165,2.9410000000000003,0.039
2022-02-02 02:15:29,r.093,magenta,M05,50,unknown,unknown,68.36,0.0,35.01,0.0,-27.29,0.0,44.39,0.0,322.07,0.0,1.27,0.209,0.772,0.146,2.512,0.03
2022-02-02 02:15:46,r.094,magenta,M06,50,unknown,unknown,63.17,0.0,42.41,0.0,-31.4,0.0,52.77,0.0,323.49,0.0,1.3159999999999998,0.18899999999999997,0.88,0.158,2.524,0.027999999999999997
2022-02-02 02:16:00,r.095,magenta,M07,50,unknown,unknown,56.52,0.0,51.64,0.0,-36.29,0.0,63.11,0.0,324.9,0.0,1.953,0.23199999999999998,0.731,0.135,2.314,0.024
2022-02-02 02:16:16,r.096,magenta,M08,50,unknown,unknown,48.34,0.0,61.68,0.0,-40.97,0.0,74.05,0.0,326.41,0.0,2.246,0.085,0.6829999999999999,0.048,2.335,0.012
2022-02-02 02:16:32,r.097,magenta,M09,50,unknown,unknown,44.2,0.0,65.21,0.0,-42.74,0.0,77.97,0.0,326.76,0.0,2.28,0.07200000000000001,0.9129999999999999,0.096,2.66,0.017
2022-02-02 02:16:51,r.098,magenta,M10,50,unknown,unknown,42.13,0.0,66.48,0.0,-43.92,0.0,79.68,0.0,326.55,0.0,2.8739999999999997,0.124,1.0,0.073,2.823,0.017
2022-02-02 02:17:12,r.099,magenta,M11,50,unknown,unknown,41.41,0.0,66.79,0.0,-44.33,0.0,80.16,0.0,326.43,0.0,3.105,0.064,0.909,0.048,2.7539999999999996,0.01
2022-02-02 02:17:57,y.089,yellow,Y01,50,unknown,unknown,91.3,0.0,-0.94,0.0,-0.42,0.0,1.03,0.0,204.26,0.0,2.3169999999999997,0.021,1.882,0.023,4.302,0.005
2022-02-02 02:18:18,y.090,yellow,Y02,50,unknown,unknown,90.22,0.0,-2.32,0.0,8.56,0.0,8.87,0.0,105.17,0.0,2.662,0.055,1.8030000000000002,0.039,4.038,0.009000000000000001
2022-02-02 02:18:35,y.091,yellow,Y03,50,unknown,unknown,88.39,0.0,-3.17,0.0,20.86,0.0,21.1,0.0,98.63,0.0,2.12,0.11800000000000001,1.204,0.055,3.117,0.013999999999999999
2022-02-02 02:18:54,y.092,yellow,Y04,50,unknown,unknown,86.79,0.0,-2.96,0.0,33.07,0.0,33.21,0.0,95.12,0.0,2.8939999999999997,0.095,1.383,0.045,3.242,0.023
2022-02-02 02:19:09,y.093,yellow,Y05,50,unknown,unknown,84.94,0.0,-1.8,0.0,45.33,0.0,45.37,0.0,92.27,0.0,2.338,0.146,1.088,0.059000000000000004,2.759,0.026000000000000002
2022-02-02 02:19:29,y.094,yellow,Y06,50,unknown,unknown,83.31,0.0,-0.16,0.0,56.08,0.0,56.08,0.0,90.17,0.0,1.62,0.14400000000000002,0.894,0.035,2.4090000000000003,0.015
2022-02-02 02:19:52,y.095,yellow,Y07,50,unknown,unknown,81.31,0.0,2.2,0.0,67.59,0.0,67.62,0.0,88.13,0.0,1.161,0.09699999999999999,0.795,0.067,2.138,0.024
2022-02-02 02:20:10,y.096,yellow,Y08,50,unknown,unknown,78.52,0.0,6.01,0.0,81.57,0.0,81.79,0.0,85.79,0.0,1.4409999999999998,0.11199999999999999,0.997,0.07400000000000001,2.134,0.022000000000000002
2022-02-02 02:20:26,y.097,yellow,Y09,50,unknown,unknown,76.82,0.0,8.55,0.0,86.44,0.0,86.87,0.0,84.35,0.0,1.5330000000000001,0.091,1.089,0.065,2.226,0.018000000000000002
2022-02-02 02:20:41,y.098,yellow,Y10,50,unknown,unknown,75.47,0.0,10.24,0.0,87.85,0.0,88.45,0.0,83.35,0.0,1.699,0.107,1.209,0.052000000000000005,2.3169999999999997,0.019
2022-02-02 02:21:00,y.099,yellow,Y11,50,unknown,unknown,73.86,0.0,12.0,0.0,87.32,0.0,88.14,0.0,82.18,0.0,1.575,0.05,1.147,0.035,2.063,0.009000000000000001
2022-02-04 03:44:51,b.111,cyan,C01,95,unknown,unknown,92.03,0.0,-0.9,0.0,-2.6,0.0,2.75,0.0,250.82,0.0,2.166,0.071,1.432,0.044000000000000004,4.877,0.022000000000000002
2022-02-04 03:45:07,b.112,cyan,C02,95,unknown,unknown,89.86,0.0,-4.36,0.0,-4.91,0.0,6.57,0.0,228.36,0.0,2.891,0.086,2.349,0.052000000000000005,4.997,0.027999999999999997
2022-02-04 03:45:21,b.113,cyan,C03,95,unknown,unknown,87.0,0.0,-10.66,0.0,-8.96,0.0,13.93,0.0,220.03,0.0,3.5589999999999997,0.052000000000000005,2.391,0.027000000000000003,5.524,0.012
2022-02-04 03:45:35,b.114,cyan,C04,95,unknown,unknown,83.24,0.0,-16.69,0.0,-13.4,0.0,21.4,0.0,218.76,0.0,3.488,0.069,2.175,0.043,4.957,0.018000000000000002
2022-02-04 03:45:48,b.115,cyan,C05,95,unknown,unknown,79.19,0.0,-21.79,0.0,-17.41,0.0,27.89,0.0,218.62,0.0,3.31,0.17,1.9909999999999999,0.113,4.154,0.043
2022-02-04 03:46:01,b.116,cyan,C06,95,unknown,unknown,75.67,0.0,-26.1,0.0,-21.01,0.0,33.51,0.0,218.84,0.0,3.2030000000000003,0.11699999999999999,2.031,0.071,3.8930000000000002,0.025
2022-02-04 03:46:16,b.117,cyan,C07,95,unknown,unknown,71.5,0.0,-30.45,0.0,-25.02,0.0,39.41,0.0,219.42,0.0,2.76,0.064,1.9369999999999998,0.052000000000000005,3.333,0.013999999999999999
2022-02-04 03:46:31,b.118,cyan,C08,95,unknown,unknown,65.9,0.0,-34.65,0.0,-29.65,0.0,45.6,0.0,220.55,0.0,2.678,0.09300000000000001,2.1590000000000003,0.08,2.9610000000000003,0.019
2022-02-04 03:46:46,b.119,cyan,C09,95,unknown,unknown,62.37,0.0,-36.05,0.0,-32.11,0.0,48.27,0.0,221.69,0.0,2.4459999999999997,0.07400000000000001,2.096,0.066,2.552,0.013000000000000001
2022-02-04 03:47:17,b.120,cyan,C10,95,unknown,unknown,61.0,0.0,-35.59,0.0,-33.08,0.0,48.59,0.0,222.91,0.0,2.582,0.036000000000000004,2.265,0.032,2.635,0.006999999999999999
2022-02-04 03:47:33,b.121,cyan,C11,95,unknown,unknown,61.05,0.0,-34.63,0.0,-33.15,0.0,47.94,0.0,223.75,0.0,3.427,0.015,2.912,0.011000000000000001,3.324,0.005
2022-02-04 03:57:32,w.011,white,GS1,95,unknown,unknown,92.4,0.0,-0.35,0.0,-2.42,0.0,2.45,0.0,261.78,0.0,2.073,0.008,1.285,0.005,4.843999999999999,0.005
2022-02-04 03:57:47,gy.031,grey,GS2,95,unknown,unknown,74.34,0.0,0.76,0.0,0.25,0.0,0.8,0.0,18.6,0.0,3.8369999999999997,0.158,3.844,0.18600000000000005,5.52,0.042
2022-02-04 03:58:00,gy.032,grey,GS3,95,unknown,unknown,47.07,0.0,0.06,0.0,0.14,0.0,0.15,0.0,65.9,0.0,2.702,0.156,2.998,0.147,2.085,0.02
2022-02-04 03:58:14,gy.033,grey,GS4,95,unknown,unknown,14.67,0.0,0.59,0.0,-4.44,0.0,4.48,0.0,277.6,0.0,3.99,0.276,3.665,0.253,0.414,0.006999999999999999
2022-02-04 03:58:29,k.021,black,GS5,95,unknown,unknown,5.92,0.0,-0.41,0.0,-5.2,0.0,5.21,0.0,265.48,0.0,5.61,0.27399999999999997,4.593999999999999,0.268,0.361,0.006
2022-02-04 03:58:50,k.022,black,GS6,95,unknown,unknown,8.43,0.0,-0.53,0.0,-4.34,0.0,4.38,0.0,263.08,0.0,4.12,0.532,3.733,0.522,0.32799999999999996,0.005
2022-02-04 03:48:14,r.111,magenta,M01,95,unknown,unknown,91.28,0.0,1.13,0.0,-3.66,0.0,3.83,0.0,287.19,0.0,2.2319999999999998,0.036000000000000004,1.426,0.023,4.857,0.008
2022-02-04 03:48:27,r.112,magenta,M02,95,unknown,unknown,87.61,0.0,7.1,0.0,-8.16,0.0,10.82,0.0,311.02,0.0,2.436,0.139,1.6,0.095,4.89,0.031
2022-02-04 03:48:42,r.113,magenta,M03,95,unknown,unknown,82.01,0.0,16.03,0.0,-14.61,0.0,21.69,0.0,317.65,0.0,2.438,0.13699999999999998,1.652,0.094,4.713,0.028999999999999998
2022-02-04 03:48:55,r.114,magenta,M04,95,unknown,unknown,75.5,0.0,25.82,0.0,-21.15,0.0,33.38,0.0,320.68,0.0,2.346,0.226,1.6880000000000002,0.165,4.352,0.039
2022-02-04 03:49:09,r.115,magenta,M05,95,unknown,unknown,69.5,0.0,34.68,0.0,-26.57,0.0,43.68,0.0,322.54,0.0,1.972,0.20199999999999999,1.5490000000000002,0.161,3.972,0.03
2022-02-04 03:49:34,r.116,magenta,M06,95,unknown,unknown,64.12,0.0,42.23,0.0,-30.86,0.0,52.31,0.0,323.85,0.0,1.923,0.19899999999999998,1.599,0.17,3.747,0.027999999999999997
2022-02-04 03:49:49,r.117,magenta,M07,95,unknown,unknown,57.4,0.0,51.3,0.0,-35.62,0.0,62.46,0.0,325.23,0.0,1.8319999999999999,0.217,1.344,0.179,3.293,0.024
2022-02-04 03:52:13,r.118,magenta,M08,95,unknown,unknown,49.29,0.0,61.68,0.0,-40.53,0.0,73.8,0.0,326.69,0.0,2.384,0.08900000000000001,1.4509999999999998,0.07,3.362,0.012
2022-02-04 03:52:43,r.119,magenta,M09,95,unknown,unknown,44.94,0.0,65.46,0.0,-42.35,0.0,77.97,0.0,327.1,0.0,2.596,0.09,1.528,0.11,3.533,0.017
2022-02-04 03:52:58,r.120,magenta,M10,95,unknown,unknown,42.99,0.0,66.24,0.0,-43.23,0.0,79.1,0.0,326.87,0.0,2.7689999999999997,0.128,1.6469999999999998,0.087,3.597,0.017
2022-02-04 03:53:14,r.121,magenta,M11,95,unknown,unknown,42.93,0.0,65.88,0.0,-43.09,0.0,78.72,0.0,326.81,0.0,2.7510000000000003,0.076,2.033,0.068,3.998,0.01
2022-02-04 03:53:56,y.111,yellow,Y01,95,unknown,unknown,91.93,0.0,-0.82,0.0,0.13,0.0,0.83,0.0,170.83,0.0,2.5380000000000003,0.013999999999999999,1.787,0.018000000000000002,5.357,0.005
2022-02-04 03:54:20,y.112,yellow,Y02,95,unknown,unknown,90.99,0.0,-2.13,0.0,8.35,0.0,8.62,0.0,104.29,0.0,3.34,0.049,2.218,0.035,5.47,0.009000000000000001
2022-02-04 03:54:37,y.113,yellow,Y03,95,unknown,unknown,89.31,0.0,-3.04,0.0,20.4,0.0,20.62,0.0,98.48,0.0,3.071,0.10400000000000001,1.7790000000000001,0.047,4.709,0.013999999999999999
2022-02-04 03:54:59,y.114,yellow,Y04,95,unknown,unknown,87.75,0.0,-2.96,0.0,31.95,0.0,32.09,0.0,95.29,0.0,4.349,0.094,2.14,0.046,4.857,0.023
2022-02-04 03:55:19,y.115,yellow,Y05,95,unknown,unknown,85.89,0.0,-1.88,0.0,44.78,0.0,44.81,0.0,92.4,0.0,3.362,0.13699999999999998,1.714,0.06,4.191,0.026000000000000002
2022-02-04 03:55:40,y.116,yellow,Y06,95,unknown,unknown,84.11,0.0,-0.24,0.0,55.83,0.0,55.84,0.0,90.25,0.0,2.419,0.12300000000000001,1.425,0.033,3.537,0.015
2022-02-04 03:55:59,y.117,yellow,Y07,95,unknown,unknown,82.25,0.0,1.86,0.0,66.28,0.0,66.31,0.0,88.39,0.0,2.546,0.102,1.495,0.065,3.398,0.024
2022-02-04 03:56:14,y.118,yellow,Y08,95,unknown,unknown,79.68,0.0,5.42,0.0,79.63,0.0,79.82,0.0,86.1,0.0,3.417,0.268,1.9040000000000001,0.07400000000000001,3.585,0.022000000000000002
2022-02-04 03:56:29,y.119,yellow,Y09,95,unknown,unknown,77.75,0.0,8.01,0.0,85.48,0.0,85.85,0.0,84.65,0.0,2.6439999999999997,0.091,1.7930000000000001,0.064,3.279,0.018000000000000002
2022-02-04 03:56:44,y.120,yellow,Y10,95,unknown,unknown,76.48,0.0,9.64,0.0,86.9,0.0,87.44,0.0,83.67,0.0,3.0839999999999996,0.183,1.996,0.054000000000000006,3.389,0.019
2022-02-04 03:56:57,y.121,yellow,Y11,95,unknown,unknown,75.03,0.0,11.52,0.0,86.02,0.0,86.79,0.0,82.38,0.0,3.045,0.054000000000000006,2.0380000000000003,0.034,3.293,0.009000000000000001
2022-02-07 01:34:02,b.133,cyan,C01,162,unknown,unknown,92.12,0.0,-1.33,0.0,0.65,0.0,1.49,0.0,153.85,0.0,4.178999999999999,0.095,3.637,0.087,4.877,0.022000000000000002
2022-02-07 01:34:17,b.134,cyan,C02,162,unknown,unknown,90.45,0.0,-3.73,0.0,-0.93,0.0,3.84,0.0,194.06,0.0,6.102,0.11699999999999999,4.994,0.085,6.227,0.027999999999999997
2022-02-07 01:34:32,b.135,cyan,C03,162,unknown,unknown,88.27,0.0,-9.13,0.0,-4.33,0.0,10.11,0.0,205.39,0.0,7.937,0.08,5.3729999999999976,0.049,7.8320000000000025,0.012
2022-02-07 01:34:44,b.136,cyan,C04,162,unknown,unknown,85.02,0.0,-14.61,0.0,-8.21,0.0,16.76,0.0,209.32,0.0,8.791,0.086,5.2410000000000005,0.049,7.895,0.018000000000000002
2022-02-07 01:34:57,b.137,cyan,C05,162,unknown,unknown,81.44,0.0,-19.55,0.0,-12.05,0.0,22.97,0.0,211.64,0.0,9.145,0.168,5.079,0.099,7.4510000000000005,0.043
2022-02-07 01:35:10,b.138,cyan,C06,162,unknown,unknown,77.95,0.0,-23.87,0.0,-15.52,0.0,28.48,0.0,213.04,0.0,9.095,0.146,4.948,0.07400000000000001,6.865,0.025
2022-02-07 01:35:22,b.139,cyan,C07,162,unknown,unknown,73.87,0.0,-28.65,0.0,-19.92,0.0,34.9,0.0,214.81,0.0,8.187000000000001,0.049,4.603,0.043,6.024,0.013999999999999999
2022-02-07 01:35:37,b.140,cyan,C08,162,unknown,unknown,68.09,0.0,-33.34,0.0,-24.99,0.0,41.67,0.0,216.85,0.0,7.3,0.069,4.499,0.07,5.05,0.019
2022-02-07 01:35:49,b.141,cyan,C09,162,unknown,unknown,64.86,0.0,-34.93,0.0,-27.48,0.0,44.44,0.0,218.19,0.0,7.0,0.066,4.638,0.06,4.776,0.013000000000000001
2022-02-07 01:36:01,b.142,cyan,C10,162,unknown,unknown,63.07,0.0,-35.36,0.0,-28.91,0.0,45.67,0.0,219.27,0.0,6.4620000000000015,0.033,4.449,0.03,4.3,0.006999999999999999
2022-02-07 01:36:17,b.143,cyan,C11,162,unknown,unknown,62.53,0.0,-35.51,0.0,-29.03,0.0,45.86,0.0,219.26,0.0,6.7970000000000015,0.027999999999999997,4.655,0.012,4.273,0.005
2022-02-07 01:45:12,w.013,white,GS1,162,unknown,unknown,93.02,0.0,-1.04,0.0,0.72,0.0,1.26,0.0,145.5,0.0,4.269,0.012,3.659,0.011000000000000001,5.629,0.005
2022-02-07 01:45:25,gy.037,grey,GS2,162,unknown,unknown,79.41,0.0,-0.83,0.0,3.27,0.0,3.37,0.0,104.18,0.0,8.764,0.157,6.59,0.122,11.743,0.042
2022-02-07 01:45:38,gy.038,grey,GS3,162,unknown,unknown,53.0,0.0,-0.15,0.0,3.31,0.0,3.32,0.0,92.64,0.0,8.543,0.17300000000000001,8.564,0.16699999999999998,6.474,0.02
2022-02-07 01:45:50,gy.038,grey,GS4,162,unknown,unknown,23.18,0.0,1.58,0.0,-1.55,0.0,2.21,0.0,315.56,0.0,7.561,0.157,5.822,0.098,2.2640000000000002,0.006999999999999999
2022-02-07 01:46:06,k.025,black,GS5,162,unknown,unknown,17.58,0.0,0.75,0.0,-2.12,0.0,2.25,0.0,289.55,0.0,8.916,0.203,6.066,0.136,1.828,0.006
2022-02-07 01:46:21,k.026,black,GS6,162,unknown,unknown,16.87,0.0,0.52,0.0,-1.63,0.0,1.71,0.0,287.83,0.0,8.361,0.109,5.574,0.129,1.645,0.005
2022-02-07 01:37:06,r.133,magenta,M01,162,unknown,unknown,91.7,0.0,-0.21,0.0,-0.03,0.0,0.21,0.0,188.85,0.0,5.032,0.035,4.511,0.027000000000000003,4.95,0.008
2022-02-07 01:37:18,r.134,magenta,M02,162,unknown,unknown,89.36,0.0,3.54,0.0,-2.87,0.0,4.56,0.0,320.95,0.0,8.133,0.134,6.324,0.10800000000000001,6.0489999999999995,0.031
2022-02-07 01:37:29,r.135,magenta,M03,162,unknown,unknown,85.01,0.0,10.54,0.0,-8.18,0.0,13.35,0.0,322.17,0.0,10.524000000000001,0.146,6.5070000000000014,0.086,6.811,0.028999999999999998
2022-02-07 01:37:40,r.136,magenta,M04,162,unknown,unknown,79.53,0.0,19.16,0.0,-14.17,0.0,23.82,0.0,323.52,0.0,12.0,0.239,6.428999999999999,0.133,7.227,0.039
2022-02-07 01:38:07,r.137,magenta,M05,162,unknown,unknown,73.51,0.0,28.03,0.0,-20.25,0.0,34.58,0.0,324.16,0.0,10.835999999999999,0.247,5.671,0.139,6.642,0.03
2022-02-07 01:39:48,r.138,magenta,M06,162,unknown,unknown,68.83,0.0,35.19,0.0,-24.75,0.0,43.02,0.0,324.88,0.0,11.192,0.23,6.125,0.153,7.117000000000001,0.027999999999999997
2022-02-07 01:39:59,r.139,magenta,M07,162,unknown,unknown,62.1,0.0,44.51,0.0,-30.31,0.0,53.85,0.0,325.75,0.0,9.648,0.22699999999999998,5.84,0.17300000000000001,6.591,0.024
2022-02-07 01:40:11,r.140,magenta,M08,162,unknown,unknown,53.5,0.0,55.39,0.0,-36.25,0.0,66.2,0.0,326.8,0.0,7.968,0.084,5.7570000000000014,0.073,6.096,0.012
2022-02-07 01:40:22,r.141,magenta,M09,162,unknown,unknown,48.94,0.0,59.98,0.0,-38.55,0.0,71.3,0.0,327.27,0.0,7.21,0.10400000000000001,5.4620000000000015,0.113,6.244,0.017
2022-02-07 01:40:40,r.142,magenta,M10,162,unknown,unknown,46.75,0.0,61.61,0.0,-39.56,0.0,73.21,0.0,327.3,0.0,6.687,0.106,5.207999999999998,0.08900000000000001,6.375,0.017
2022-02-07 01:40:57,r.143,magenta,M11,162,unknown,unknown,46.87,0.0,61.27,0.0,-39.71,0.0,73.01,0.0,327.05,0.0,7.44,0.07200000000000001,5.803999999999999,0.068,6.952999999999999,0.01
2022-02-07 01:42:03,y.133,yellow,Y01,162,unknown,unknown,91.96,0.0,-1.3,0.0,1.7,0.0,2.14,0.0,127.31,0.0,2.385,0.01,1.5419999999999998,0.012,5.065,0.005
2022-02-07 01:42:19,y.134,yellow,Y02,162,unknown,unknown,91.26,0.0,-2.31,0.0,7.33,0.0,7.68,0.0,107.48,0.0,4.271,0.054000000000000006,2.926,0.039,5.997000000000001,0.009000000000000001
2022-02-07 01:42:38,y.135,yellow,Y03,162,unknown,unknown,89.98,0.0,-3.3,0.0,18.02,0.0,18.32,0.0,100.37,0.0,5.367000000000001,0.124,3.0610000000000004,0.06,6.074,0.013999999999999999
2022-02-07 01:42:51,y.136,yellow,Y04,162,unknown,unknown,88.44,0.0,-3.45,0.0,29.86,0.0,30.06,0.0,96.59,0.0,6.532,0.095,3.165,0.044000000000000004,6.066,0.023
2022-02-07 01:43:03,y.137,yellow,Y05,162,unknown,unknown,86.63,0.0,-2.75,0.0,42.03,0.0,42.12,0.0,93.74,0.0,6.143,0.14800000000000002,2.807,0.055999999999999994,5.312,0.026000000000000002
2022-02-07 01:43:17,y.138,yellow,Y06,162,unknown,unknown,85.29,0.0,-1.33,0.0,52.62,0.0,52.64,0.0,91.45,0.0,5.697,0.177,2.685,0.04,5.202000000000001,0.015
2022-02-07 01:43:29,y.139,yellow,Y07,162,unknown,unknown,83.53,0.0,0.61,0.0,63.19,0.0,63.19,0.0,89.45,0.0,5.854,0.10400000000000001,2.7539999999999996,0.057999999999999996,4.956,0.024
2022-02-07 01:43:42,y.140,yellow,Y08,162,unknown,unknown,81.08,0.0,3.91,0.0,75.69,0.0,75.79,0.0,87.04,0.0,7.607,0.34,3.306,0.075,5.072,0.022000000000000002
2022-02-07 01:43:55,y.141,yellow,Y09,162,unknown,unknown,79.73,0.0,5.87,0.0,80.91,0.0,81.12,0.0,85.85,0.0,7.471,0.11199999999999999,3.6189999999999998,0.057,5.246,0.018000000000000002
2022-02-07 01:44:08,y.142,yellow,Y10,162,unknown,unknown,78.78,0.0,7.06,0.0,82.35,0.0,82.66,0.0,85.1,0.0,8.42,0.289,4.128,0.062,5.4860000000000015,0.019
2022-02-07 01:44:21,y.143,yellow,Y11,162,unknown,unknown,77.77,0.0,8.3,0.0,82.22,0.0,82.64,0.0,84.24,0.0,8.422,0.066,4.5710000000000015,0.035,5.587999999999999,0.009000000000000001
2022-02-09 03:10:36,b.155,cyan,C01,206,unknown,unknown,92.98,0.0,-1.34,0.0,0.41,0.0,1.4,0.0,162.92,0.0,4.51,0.09,3.659,0.08199999999999999,6.401,0.022
2022-02-09 03:11:02,b.156,cyan,C02,206,unknown,unknown,91.63,0.0,-3.25,0.0,-0.55,0.0,3.3,0.0,189.6,0.0,7.1720000000000015,0.113,5.82,0.08,8.402999999999999,0.027999999999999997
2022-02-09 03:11:16,b.157,cyan,C03,206,unknown,unknown,89.53,0.0,-7.33,0.0,-3.06,0.0,7.94,0.0,202.64,0.0,10.338,0.075,7.23,0.043,10.494000000000002,0.012
2022-02-09 03:11:27,b.158,cyan,C04,206,unknown,unknown,86.4,0.0,-12.41,0.0,-6.48,0.0,14.0,0.0,207.56,0.0,11.785,0.083,7.132999999999999,0.045,10.574000000000002,0.018000000000000002
2022-02-09 03:11:38,b.159,cyan,C05,206,unknown,unknown,82.87,0.0,-17.74,0.0,-10.26,0.0,20.5,0.0,210.05,0.0,12.008,0.168,6.687,0.098,9.856,0.043
2022-02-09 03:11:53,b.160,cyan,C06,206,unknown,unknown,79.2,0.0,-22.03,0.0,-13.59,0.0,25.88,0.0,211.66,0.0,11.963,0.146,6.41,0.073,8.863,0.025
2022-02-09 03:12:06,b.161,cyan,C07,206,unknown,unknown,75.24,0.0,-26.86,0.0,-17.72,0.0,32.18,0.0,213.41,0.0,11.241,0.048,6.101,0.042,7.939,0.014
2022-02-09 03:12:18,b.162,cyan,C08,206,unknown,unknown,68.85,0.0,-32.79,0.0,-23.3,0.0,40.22,0.0,215.39,0.0,9.158,0.065,5.4079999999999995,0.068,5.858,0.019
2022-02-09 03:12:30,b.163,cyan,C09,206,unknown,unknown,65.52,0.0,-35.1,0.0,-26.0,0.0,43.68,0.0,216.53,0.0,8.511000000000001,0.065,5.445,0.058,5.295,0.013
2022-02-09 03:12:44,b.164,cyan,C10,206,unknown,unknown,63.88,0.0,-35.92,0.0,-27.17,0.0,45.04,0.0,217.1,0.0,8.289,0.032,5.461,0.028999999999999998,4.868,0.006999999999999999
2022-02-09 03:12:56,b.165,cyan,C11,206,unknown,unknown,64.14,0.0,-35.22,0.0,-27.01,0.0,44.39,0.0,217.48,0.0,9.371,0.029,6.251,0.012,5.723,0.005
2022-02-09 03:35:36,w.015,white,GS1,206,unknown,unknown,93.21,0.0,-1.17,0.0,0.28,0.0,1.2,0.0,166.53,0.0,4.099,0.011000000000000001,3.407,0.011000000000000001,5.944,0.005
2022-02-09 03:35:48,gy.043,grey,GS2,206,unknown,unknown,82.35,0.0,-1.27,0.0,1.55,0.0,2.0,0.0,129.29,0.0,11.31,0.16,8.128,0.122,16.088,0.042
2022-02-09 03:36:01,gy.044,grey,GS3,206,unknown,unknown,55.54,0.0,-0.95,0.0,4.93,0.0,5.02,0.0,100.92,0.0,11.392000000000001,0.17300000000000001,11.255,0.174,8.367,0.02
2022-02-09 03:36:13,gy.045,grey,GS4,206,unknown,unknown,25.07,0.0,1.99,0.0,-0.44,0.0,2.04,0.0,347.41,0.0,9.461,0.156,7.27,0.097,2.951,0.006999999999999999
2022-02-09 03:36:26,k.029,black,GS5,206,unknown,unknown,19.82,0.0,1.16,0.0,-1.5,0.0,1.9,0.0,307.6,0.0,11.083,0.19899999999999998,7.559,0.122,2.485,0.006
2022-02-09 03:36:37,k.030,black,GS6,206,unknown,unknown,18.22,0.0,0.78,0.0,-1.55,0.0,1.73,0.0,296.81,0.0,9.704,0.095,6.506,0.105,2.121,0.005
2022-02-09 03:13:30,r.155,magenta,M01,206,unknown,unknown,92.64,0.0,-0.6,0.0,-0.03,0.0,0.6,0.0,183.16,0.0,5.6960000000000015,0.035,5.023,0.025,6.437,0.008
2022-02-09 03:13:43,r.156,magenta,M02,206,unknown,unknown,90.96,0.0,1.87,0.0,-1.88,0.0,2.65,0.0,314.93,0.0,10.504,0.138,8.574,0.117,7.933,0.031
2022-02-09 03:13:55,r.157,magenta,M03,206,unknown,unknown,87.59,0.0,7.09,0.0,-5.67,0.0,9.08,0.0,321.34,0.0,15.448,0.14800000000000002,10.122,0.08900000000000001,9.368,0.028999999999999998
2022-02-09 03:14:07,r.158,magenta,M04,206,unknown,unknown,82.65,0.0,14.65,0.0,-11.1,0.0,18.38,0.0,322.85,0.0,18.223,0.245,9.945,0.132,10.024,0.039
2022-02-09 03:14:18,r.159,magenta,M05,206,unknown,unknown,76.86,0.0,23.18,0.0,-17.05,0.0,28.78,0.0,323.66,0.0,17.496,0.253,9.031,0.136,9.386000000000001,0.03
2022-02-09 03:14:29,r.160,magenta,M06,206,unknown,unknown,71.36,0.0,31.12,0.0,-22.3,0.0,38.29,0.0,324.37,0.0,16.509,0.236,8.634,0.149,8.812000000000003,0.028
2022-02-09 03:14:40,r.161,magenta,M07,206,unknown,unknown,64.17,0.0,41.16,0.0,-28.6,0.0,50.13,0.0,325.2,0.0,13.856,0.23199999999999998,7.8679999999999986,0.16899999999999998,7.746,0.024
2022-02-09 03:14:52,r.162,magenta,M08,206,unknown,unknown,54.82,0.0,53.79,0.0,-35.93,0.0,64.68,0.0,326.26,0.0,9.981,0.087,7.101,0.07400000000000001,6.765,0.012
2022-02-09 03:15:04,r.163,magenta,M09,206,unknown,unknown,49.65,0.0,59.81,0.0,-39.23,0.0,71.53,0.0,326.74,0.0,7.648,0.109,6.1579999999999995,0.114,6.767,0.017
2022-02-09 03:15:25,r.164,magenta,M10,206,unknown,unknown,47.64,0.0,61.57,0.0,-40.18,0.0,73.52,0.0,326.87,0.0,7.252999999999999,0.108,6.049,0.09,7.1789999999999985,0.017
2022-02-09 03:15:39,r.165,magenta,M11,206,unknown,unknown,48.56,0.0,60.25,0.0,-39.54,0.0,72.07,0.0,326.73,0.0,9.342,0.07400000000000001,7.477,0.068,8.379,0.01
2022-02-09 03:26:59,y.155,yellow,Y01,206,unknown,unknown,92.96,0.0,-1.25,0.0,0.72,0.0,1.45,0.0,150.25,0.0,3.357,0.009000000000000001,2.116,0.009000000000000001,7.211,0.005
2022-02-09 03:27:21,y.156,yellow,Y02,206,unknown,unknown,92.35,0.0,-1.95,0.0,4.02,0.0,4.47,0.0,115.91,0.0,7.651,0.06,5.5470000000000015,0.042,8.546,0.009000000000000001
2022-02-09 03:27:34,y.157,yellow,Y03,206,unknown,unknown,91.25,0.0,-3.2,0.0,13.03,0.0,13.42,0.0,103.82,0.0,10.386,0.134,6.025,0.066,8.971,0.014
2022-02-09 03:27:46,y.158,yellow,Y04,206,unknown,unknown,89.76,0.0,-3.79,0.0,24.34,0.0,24.63,0.0,98.84,0.0,12.113,0.09699999999999999,5.767,0.042,8.859,0.023
2022-02-09 03:27:59,y.159,yellow,Y05,206,unknown,unknown,87.84,0.0,-3.3,0.0,37.99,0.0,38.13,0.0,94.96,0.0,10.326,0.153,4.475,0.055,7.542999999999997,0.026
2022-02-09 03:28:12,y.160,yellow,Y06,206,unknown,unknown,86.15,0.0,-2.07,0.0,49.19,0.0,49.23,0.0,92.41,0.0,9.16,0.193,3.886,0.045,6.66,0.015
2022-02-09 03:28:24,y.161,yellow,Y07,206,unknown,unknown,84.29,0.0,-0.32,0.0,59.99,0.0,59.99,0.0,90.31,0.0,9.102,0.107,3.787,0.052000000000000005,6.109,0.024
2022-02-09 03:28:42,y.162,yellow,Y08,206,unknown,unknown,81.72,0.0,2.71,0.0,73.91,0.0,73.96,0.0,87.9,0.0,9.767000000000001,0.344,4.121,0.075,5.7379999999999995,0.022000000000000002
2022-02-09 03:28:58,y.163,yellow,Y09,206,unknown,unknown,80.26,0.0,4.6,0.0,79.97,0.0,80.1,0.0,86.7,0.0,8.978,0.109,4.31,0.054000000000000006,5.632999999999999,0.018000000000000002
2022-02-09 03:29:13,y.164,yellow,Y10,206,unknown,unknown,79.47,0.0,5.66,0.0,81.6,0.0,81.8,0.0,86.03,0.0,9.971,0.281,4.9430000000000005,0.066,5.975,0.019
2022-02-09 03:29:25,y.165,yellow,Y11,206,unknown,unknown,78.69,0,6.86,0,81.04,0,81.33,0,85.16,0,10.434,0.067,5.554,0.036,6.325,0.009
